{"IcoMoonType":"selection","icons":[{"icon":{"paths":["M512 32l-512 512 96 96 96-96v416h256v-192h128v192h256v-416l96 96 96-96-512-512zM512 448c-35.346 0-64-28.654-64-64s28.654-64 64-64c35.346 0 64 28.654 64 64s-28.654 64-64 64z"],"tags":["home","house"],"defaultCode":59649,"grid":16,"attrs":[]},"attrs":[],"properties":{"ligatures":"home2, house2","name":"home2","order":2,"id":2,"prevSize":32,"code":59649},"setIdx":0,"setId":1,"iconIdx":1},{"icon":{"paths":["M864 0h-768c-52.8 0-96 43.2-96 96v832c0 52.8 43.2 96 96 96h768c52.8 0 96-43.2 96-96v-832c0-52.8-43.2-96-96-96zM832 896h-704v-768h704v768zM256 448h448v64h-448zM256 576h448v64h-448zM256 704h448v64h-448zM256 320h448v64h-448z"],"tags":["file-text","file","document","list","paper"],"defaultCode":59682,"grid":16,"attrs":[]},"attrs":[],"properties":{"ligatures":"file-text, file","name":"file-text","order":5,"id":35,"prevSize":32,"code":59682},"setIdx":0,"setId":1,"iconIdx":34},{"icon":{"paths":["M704 640c-64 64-64 128-128 128s-128-64-192-128-128-128-128-192 64-64 128-128-128-256-192-256-192 192-192 192c0 128 131.5 387.5 256 512s384 256 512 256c0 0 192-128 192-192s-192-256-256-192z"],"tags":["phone","telephone","contact","support","call"],"defaultCode":59714,"grid":16,"attrs":[]},"attrs":[],"properties":{"ligatures":"phone, telephone","name":"phone","order":4,"id":67,"prevSize":32,"code":59714},"setIdx":0,"setId":1,"iconIdx":66},{"icon":{"paths":["M957.796 384h-57.406c-35.166 0-65.988-29.742-68.39-64v0c0.004-182.668-147.258-320-331.19-320h-167.824c-183.812 0-332.856 148-332.986 330.666v362.798c0 182.654 149.174 330.536 332.984 330.536h358.42c183.948 0 332.596-147.882 332.596-330.536v-234.382c0-36.502-29.44-75.082-66.204-75.082zM320 256h192c35.2 0 64 28.8 64 64s-28.8 64-64 64h-192c-35.2 0-64-28.8-64-64s28.8-64 64-64zM704 768h-384c-35.2 0-64-28.8-64-64s28.8-64 64-64h384c35.2 0 64 28.8 64 64s-28.8 64-64 64z"],"tags":["blogger","brand","social"],"defaultCode":60087,"grid":16,"attrs":[]},"attrs":[],"properties":{"ligatures":"blogger, brand47","name":"blogger","order":3,"id":440,"prevSize":32,"code":60087},"setIdx":0,"setId":1,"iconIdx":439}],"height":1024,"metadata":{"name":"icomoon"},"preferences":{"showGlyphs":true,"showQuickUse":true,"showQuickUse2":true,"showSVGs":true,"fontPref":{"prefix":"icon-","metadata":{"fontFamily":"icomoon"},"metrics":{"emSize":1024,"baseline":6.25,"whitespace":50},"embed":false},"imagePref":{"prefix":"icon-","png":true,"useClassSelector":true,"color":0,"bgColor":16777215,"classSelector":".icon"},"historySize":50,"showCodes":true,"gridSize":16}}